<?xml version="1.0" encoding="ISO-8859-1"?>
<record>
    
    <!--
    
    NOTA:
    
    1) valores validos para el atributo 'type': 
       varchar, decimal, integer, date
    
    2) el atributo 'size' solo importa para campos
       del tipo varchar se ignora para otro tipo de dato
       pero DEBE estar definido aunque tenga un valor 0 (cero)
       y representa la longitud maxima del campo.
    
    -->
    	<field 
        name="undinv_id" 
        type="integer" 
        description="Unidad de Inversi&oacute;n "
        nullable="1"
        size="1" />
        
        <field 
        name="status_documento" 
        type="varchar" 
        description="Nombre "
        nullable="1"
        size="1" />
        
        <field 
        name="msc_user_id" 
        type="integer" 
        description="Creado por"
        nullable="1"
        size="1" />
        
        <field 
        name="cre_desde" 
        type="date" 
        description="Fecha Creacion Desde "
        nullable="1"
        size="1" />
        
        <field 
        name="cre_hasta" 
        type="date" 
        description="Fecha Creacion Hasta "
        nullable="1"
        size="1" />
        
        <field 
        name="mscuser_id" 
        type="integer" 
        description="Aprobado por"
        nullable="1"
        size="1" />
        
        <field 
        name="apro_desde" 
        type="date" 
        description="Fecha Aprobacion Desde "
        nullable="1"
        size="1" />
        
        <field 
        name="apro_hasta" 
        type="date" 
        description="Fecha Aprobacion Hasta "
        nullable="1"
        size="1" />
           
        <field 
        name="transa_id" 
        type="varchar" 
        description="Transacci&oacute;n de Negocio"
        nullable="1"
        size="25" />
           
</record>

