<cache>
	<!--
	<cache_config id="prueba" classname="com.megasoft.enginecachecontrol.sampleplugins.Sample1"
	 period="1d">
		<property>
			<name>URL</name>
			<value>http://www.megasoft.com.ve</value>
		</property>
		<property>
			<name>URL2</name>
			<value>http://cantv.net</value>
		</property>
	</cache_config>
	<cache_config id="prueba2" classname="com.megasoft.enginecachecontrol.sampleplugins.Sample2">
		<property>
			<name>s</name>
			<value>s</value>
		</property>
	</cache_config> 
	 <cache_config id="TEST1" classname="com.megasoft.enginecachecontrol.sampleplugins.Sample2"/>
	-->



	<cache_config id="ATEST" classname="com.megasoft.enginecachecontrol.sampleplugins.Sample2" /> <!--  period="5s" start-time="2007-10-05 09:50:00"/>-->

	<cache_config id="2" classname="com.megasoft.enginecachecontrol.sampleplugins.Sample2"/> <!--period="5s" start-time="2007-10-05 09:50:00"/-->

</cache>