<?xml version="1.0" encoding="ISO-8859-1"?>
<record>
    
    <!--
    
    NOTA:
    
    1) valores validos para el atributo 'type': 
       varchar, decimal, integer, date
    
    2) el atributo 'size' solo importa para campos
       del tipo varchar se ignora para otro tipo de dato
       pero DEBE estar definido aunque tenga un valor 0 (cero)
       y representa la longitud maxima del campo.
    
-->
    
        <field 
        name="ui_id" 
        type="integer" 
        description="Unidad Inversi&oacute;n"
        nullable="1"
        size="7" />
        
        <field 
        name="client_id" 
        type="integer" 
        description="Cliente id"
        nullable="1"
        size="7" />   
                
        <field 
        name="orden_id" 
        type="varchar" 
        description="orden id"
        nullable="1"
        size="1750" /> 
        
         <field 
        name="ejecucion_id" 
        type="varchar" 
        description="ejecucion id"
        nullable="1"
        size="1750" />
        
         <field 
        name="status" 
        type="varchar" 
        description="status cruce"
        nullable="1"
        size="50" />
        
        <field 
        name="statusP" 
        type="varchar" 
        description="Cruce Procesado"
        nullable="1"
        size="50" />
        
        <field 
        name="statusUI" 
        type="varchar" 
        description="status UI"
        nullable="1"
        size="50" />
        
        <field 
        name="tipo_prod" 
        type="varchar" 
        description="tipo_prod UI"
        nullable="1"
        size="50" />
       
        <field 
        name="ind_titulo" 
        type="varchar" 
        description="indicador Titulo"
        nullable="1"
        size="50" />
        
         <field 
        name="fecha" 
        type="varchar" 
        description="Fecha en la que se va a realizar la consulta"
        nullable="1"
        size="50" />
        
         <field 
        name="tasa_minima" 
        type="varchar" 
        description="Fecha en la que se va a realizar la consulta"
        nullable="1"
        size="50" />
        
        <field 
        name="tasa_maxima" 
        type="varchar" 
        description="Fecha en la que se va a realizar la consulta"
        nullable="1"
        size="50" />
        
        <field 
        name="monto_minimo" 
        type="varchar" 
        description="Fecha en la que se va a realizar la consulta"
        nullable="1"
        size="50" />
        
        <field 
        name="tipoEnvio" 
        type="varchar" 
        description="Tipo de emv�o"
        nullable="1"
        size="20" />
        
        <field 
        name="monto_maximo" 
        type="varchar" 
        description="Fecha en la que se va a realizar la consulta"
        nullable="1"
        size="50" />
        
         <field 
        name="incluir_cliente" 
        type="varchar" 
        description="Fecha en la que se va a realizar la consulta"
        nullable="1"
        size="50" />
    
</record>

